{"cameraMode":{"drawMode":0,"name":"Shaded","section":"Shading Mode"},"sceneLighting":true,"audioPlay":false,"sceneViewState":{"showFog":false,"showMaterialUpdate":false,"showSkybox":false,"showFlares":false,"showImageEffects":false,"showParticleSystems":false},"in2DMode":false,"pivot":{"x":4.312389373779297,"y":-8.012015342712403,"z":21.99616050720215},"rotation":{"x":0.2234758734703064,"y":0.7656135559082031,"z":-0.34599193930625918,"w":0.4942702353000641},"size":14.002303123474121,"orthographic":false}