{"cameraMode":{"drawMode":0,"name":"Shaded","section":"Shading Mode"},"sceneLighting":true,"audioPlay":false,"sceneViewState":{"showFog":false,"showMaterialUpdate":false,"showSkybox":false,"showFlares":false,"showImageEffects":false,"showParticleSystems":false},"in2DMode":false,"pivot":{"x":-81.13809204101563,"y":-18.985488891601564,"z":12.914972305297852},"rotation":{"x":-0.10143820941448212,"y":0.7710549831390381,"z":-0.12731114029884339,"w":-0.6157187223434448},"size":44.39699172973633,"orthographic":false}