{"cameraMode":{"drawMode":0,"name":"Shaded","section":"Shading Mode"},"sceneLighting":true,"audioPlay":false,"sceneViewState":{"showFog":false,"showMaterialUpdate":false,"showSkybox":true,"showFlares":false,"showImageEffects":false,"showParticleSystems":false},"in2DMode":false,"pivot":{"x":-8.612746238708496,"y":3.0274109840393068,"z":9.555222511291504},"rotation":{"x":0.04198278859257698,"y":0.9580231308937073,"z":-0.2147032469511032,"w":0.18654005229473115},"size":20.575387954711915,"orthographic":false}