{"cameraMode":{"drawMode":0,"name":"Shaded","section":"Shading Mode"},"sceneLighting":true,"audioPlay":false,"sceneViewState":{"showFog":false,"showMaterialUpdate":false,"showSkybox":false,"showFlares":false,"showImageEffects":false,"showParticleSystems":false},"in2DMode":false,"pivot":{"x":-20.610742568969728,"y":1.593857765197754,"z":6.06577730178833},"rotation":{"x":0.07193394005298615,"y":-0.010472279042005539,"z":0.0007554904441349208,"w":0.9973567128181458},"size":24.151147842407228,"orthographic":false}