{"cameraMode":{"drawMode":0,"name":"Shaded","section":"Shading Mode"},"sceneLighting":true,"audioPlay":false,"sceneViewState":{"showFog":false,"showMaterialUpdate":false,"showSkybox":true,"showFlares":false,"showImageEffects":false,"showParticleSystems":false},"in2DMode":false,"pivot":{"x":-98.53980255126953,"y":32.78388214111328,"z":32.16093444824219},"rotation":{"x":0.0437985360622406,"y":-0.7473630905151367,"z":0.04932805523276329,"w":0.6614179611206055},"size":26.001285552978517,"orthographic":false}