{"cameraMode":{"drawMode":0,"name":"Shaded","section":"Shading Mode"},"sceneLighting":true,"audioPlay":false,"sceneViewState":{"showFog":false,"showMaterialUpdate":false,"showSkybox":true,"showFlares":false,"showImageEffects":false,"showParticleSystems":false},"in2DMode":false,"pivot":{"x":-29.27311897277832,"y":45.858863830566409,"z":22.48847007751465},"rotation":{"x":-0.11869935691356659,"y":0.8799070715904236,"z":-0.3510153293609619,"w":-0.2981933355331421},"size":19.00925064086914,"orthographic":false}