{"cameraMode":{"drawMode":0,"name":"Shaded","section":"Shading Mode"},"sceneLighting":true,"audioPlay":false,"sceneViewState":{"showFog":false,"showMaterialUpdate":false,"showSkybox":false,"showFlares":false,"showImageEffects":false,"showParticleSystems":false},"in2DMode":false,"pivot":{"x":-23.442033767700197,"y":20.32135772705078,"z":-8.951560974121094},"rotation":{"x":0.4215446412563324,"y":0.12315439432859421,"z":-0.05789186805486679,"w":0.896577000617981},"size":5.947147369384766,"orthographic":false}