{"cameraMode":{"drawMode":0,"name":"Shaded","section":"Shading Mode"},"sceneLighting":true,"audioPlay":false,"sceneViewState":{"showFog":false,"showMaterialUpdate":false,"showSkybox":false,"showFlares":false,"showImageEffects":false,"showParticleSystems":false},"in2DMode":false,"pivot":{"x":23.80905532836914,"y":-26.88161849975586,"z":37.509098052978519},"rotation":{"x":0.2957714796066284,"y":0.6325405240058899,"z":-0.284685879945755,"w":0.6568719148635864},"size":30.95491600036621,"orthographic":false}