{"cameraMode":{"drawMode":0,"name":"Shaded","section":"Shading Mode"},"sceneLighting":false,"audioPlay":false,"sceneViewState":{"showFog":false,"showMaterialUpdate":false,"showSkybox":false,"showFlares":false,"showImageEffects":false,"showParticleSystems":false},"in2DMode":false,"pivot":{"x":0.10941052436828613,"y":-0.5993814468383789,"z":-1.2641797065734864},"rotation":{"x":-0.024883121252059938,"y":0.9527829885482788,"z":-0.2916030287742615,"w":-0.08138588070869446},"size":5.101527214050293,"orthographic":false}