{"cameraMode":{"drawMode":0,"name":"Shaded","section":"Shading Mode"},"sceneLighting":true,"audioPlay":false,"sceneViewState":{"showFog":false,"showMaterialUpdate":false,"showSkybox":false,"showFlares":false,"showImageEffects":false,"showParticleSystems":false},"in2DMode":false,"pivot":{"x":23.388946533203126,"y":25.218259811401368,"z":-7.413702964782715},"rotation":{"x":-0.1553475558757782,"y":0.6787110567092896,"z":-0.15021277964115144,"w":-0.7019079923629761},"size":25.884113311767579,"orthographic":false}